id;first_name;last_name;email;address_line;city;state;country_code;language_code;contact_phone
1;Ricardo;Kuphal;Consuelo75@gmail.com;GB whiteboard;Stoltenbergborough;plug-and-play;83886;27204;17945
2;Jasper;Conroy;Josephine.Gleason44@hotmail.com;Tasty Personal Loan Account cross-platform;Kunzeland;connect Chair sensor;22773;97640;43947
3;Bernice;Herman;Krista_Grady@hotmail.com;South Dakota adapter;Littelmouth;open-source emulation;35422;59458;32278
4;Alexandre;Borer;Shana55@hotmail.com;parsing Refined;New Rosettatown;functionalities Nevada;92777;96074;77574
5;Kirk;Adams;Mac13@gmail.com;bluetooth array Practical;Lake Otha;dedicated Sports Credit Card Account;23077;89804;73399
6;Ignatius;Rath;Mckenna_Abernathy94@hotmail.com;Savings Account;New Jamelfort;repurpose Streets;56393;32786;34318
7;Trevion;Nolan;Rosella16@gmail.com;Keyboard;Halvorsonport;experiences Central;10464;75882;67878
8;Derek;Konopelski;Fiona68@hotmail.com;back up superstructure transition;Demarcostad;circuit;87570;76412;23812
9;Justice;Witting;Jeanne_Schmidt@gmail.com;Platinum Utah;South Toniberg;infomediaries Ferry Distributed;25773;35735;77669
10;Nellie;Cummerata;Matilda.Boyle@yahoo.com;1080p;Fernebury;Lead;1017;44731;69906
